{
  "propose": [
    {
      "ts": 1757418893.9389033,
      "time": 0.004022500000019136
    }
  ],
  "test": [
    {
      "ts": 1757418894.4345229,
      "time": 0.22100000000000364
    },
    {
      "ts": 1757420118.292581,
      "time": 0.0030782999999701133
    },
    {
      "ts": 1757420321.7320187,
      "time": 0.28565210000010666
    },
    {
      "ts": 1757422057.5973296,
      "time": 0.13817269999981363
    }
  ],
  "promote": [
    {
      "ts": 1757422066.0617318,
      "time": 0.006426100000226143
    }
  ]
}